,customer_id,churn_prediction,prediction_probability
3311,4716-MRVEN,No,0.02367054111651598
6330,8966-KZXXA,No,0.0031329006217941063
6156,8720-RQSBJ,Yes,0.5701911925212729
5313,7504-UWHNB,No,0.444890063244343
1176,1730-VFMWO,No,0.21618293706322655
3761,5297-MDOIR,No,0.11566080906726359
882,1273-MTETI,Yes,0.6859622025396567
3420,4847-QNOKA,No,0.45439175133696724
1421,2091-MJTFX,No,0.2647585218110444
73,0118-JPNOY,No,0.3014214335774054
2356,3374-LXDEV,Yes,0.5302142611328599
1151,1697-BCSHV,No,0.16735837849888646
2140,3070-FNFZQ,No,0.011128671906792871
5372,7586-ZATGZ,No,0.38632598547709457
5530,7786-WBJYI,Yes,0.6116070560625508
6586,9362-MWODR,No,0.16931794336661285
1646,2391-IPLOP,No,0.11895321609614444
4729,6656-JWRQX,No,0.40823457676478125
1110,1623-NLDOT,No,0.13067820990044632
6296,8908-NMQTX,No,0.041063709188425425
1914,2789-HQBOU,Yes,0.6774873478290359
4462,6289-CPNLD,No,0.10929726496544644
4304,6064-ZATLR,No,0.07307171296084683
3740,5269-NRGDP,No,0.14045819307509835
983,1428-GTBJJ,Yes,0.580356278073286
6006,8474-UMLNT,No,0.2231063006189558
6902,9799-CAYJJ,Yes,0.6318455062677618
5191,7302-ZHMHP,No,0.31855052796978517
3413,4835-YSJMR,No,0.0682910716015783
6700,9514-JDSKI,Yes,0.58991486009177
2701,3842-IYKUE,No,0.3038320068460443
6929,9830-ECLEN,No,0.07840316519192055
1859,2696-ECXKC,No,0.1428127154443327
5024,7061-OVMIM,No,0.022819722052525488
4439,6258-NGCNG,No,0.14357786727525634
1855,2692-AQCPF,No,0.13622458371727045
5656,7973-DZRKH,No,0.0562054379808572
5922,8337-MSSXB,Yes,0.559981625914982
4892,6893-ODYYE,No,0.10166248161420949
3510,4976-LNFVV,No,0.24212524919300782
6977,9903-LYSAB,Yes,0.5247282863461689
3889,5469-NUJUR,No,0.026477542496833074
2653,3768-VHXQO,No,0.00616018358373851
4190,5918-VUKWP,No,0.021210826851712536
5244,7394-LWLYN,Yes,0.6364582023681009
4415,6227-FBDXH,No,0.14515492074529057
1766,2581-VKIRT,No,0.06100083572713316
4281,6030-REHUX,No,0.4139601681226069
788,1150-FTQGN,No,0.12111716579389455
671,0980-FEXWF,No,0.08727189804609453
5708,8042-JVNFH,Yes,0.6003381396980242
4496,6341-JVQGF,No,0.10586825426415133
5533,7789-HKSBS,No,0.15917954353457692
1940,2815-CPTUL,Yes,0.5959874981029849
4927,6933-FHBZC,No,0.09598747902159664
5461,7684-XSZIY,No,0.005590561145633952
3568,5056-FIMPT,No,0.15453644013223589
840,1222-KJNZD,No,0.10697214134623032
5266,7422-WNBTY,No,0.4349221356277292
4715,6646-JPPHA,Yes,0.5061555106135142
5611,7901-TBKJX,No,0.3828542579528399
95,0164-APGRB,No,0.09044484026404724
4876,6870-ECSHE,No,0.07426467763065539
2578,3683-QKIUE,No,0.3763649978263573
1722,2511-ALLCS,No,0.004791924728424232
3543,5022-JNQEQ,Yes,0.5321731935225382
5894,8292-ITGYJ,No,0.003687312663822247
6522,9253-VIFJQ,No,0.06003100814249028
451,0661-XEYAN,No,0.4561074844764106
6898,9796-BPKIW,No,0.45068425594946115
4547,6408-WHTEF,No,0.02640641453604648
6771,9617-INGJY,Yes,0.6036714730313576
4249,5989-PGKJB,Yes,0.5493038281524378
6807,9661-JALZV,No,0.008922189513651108
169,0270-THENM,No,0.027974915351594437
6332,8966-SNIZF,No,0.01402388994847538
4519,6368-TZZDT,No,0.036546397309088124
3063,4385-GZQXV,Yes,0.5940609704452374
3880,5453-AXEPF,No,0.3473465871751236
6869,9761-XUJWD,No,0.3416086440432538
4720,6650-BWFRT,No,0.04919358765633985
6283,8885-QSQBX,No,0.4377536117906054
4326,6103-BOCOU,No,0.4912818846071952
2421,3466-RITXD,No,0.3129809926686101
2506,3583-KRKMD,No,0.32308149484146176
4906,6906-MPARY,No,0.13430539404160607
5921,8336-TAVKX,No,0.035430907427755017
1877,2722-VOJQL,No,0.16430346093686105
4780,6727-IOTLZ,No,0.11200931218528178
4125,5834-ASPWA,Yes,0.7230064220607507
1104,1612-EOHDH,Yes,0.5697878409948774
3233,4631-OACRM,Yes,0.5830593169789775
6877,9770-KXGQU,No,0.12381117520724085
3518,4988-IQIGL,Yes,0.71138865995443
2994,4290-BSXUX,Yes,0.614573364407294
3581,5073-WXOYN,No,0.3613751217647061
4558,6425-JWTDV,No,0.05993860014490239
4181,5913-INRQV,No,0.15790327743573296
5345,7551-DACSP,No,0.3458816425003348
7040,9992-UJOEL,No,0.42578595295475624
4266,6007-TCTST,No,0.043548723602386034
3669,5176-LMJXE,No,0.019817087691531475
1957,2834-JKOOW,No,0.10100823449373304
5515,7766-CLTIC,No,0.2410476832140913
6847,9728-FTTVZ,Yes,0.6556502060178712
4483,6328-ZPBGN,Yes,0.532053994133332
283,0420-BWTPW,No,0.34666771928158124
5772,8118-TJAFG,Yes,0.5047598858755437
2802,3985-HOYPM,No,0.028528423182931383
146,0239-OXEXL,No,0.25723126096357185
3338,4753-PADAS,No,0.1475236082121293
2559,3658-KIBGF,No,0.4930297118928195
6656,9470-XCCEM,No,0.26865475317492793
4074,5753-QQWPW,No,0.12944566724845005
3049,4365-MSDYN,No,0.21710590399768998
4140,5850-BDWCY,No,0.1741504248880233
5560,7826-VVKWT,No,0.2428722957228198
2582,3692-JHONH,No,0.21201187911983502
3943,5550-VFRLC,Yes,0.6527980619569612
30,0048-LUMLS,No,0.15444602862255793
186,0302-JOIVN,Yes,0.5979915506255811
5759,8099-MZPUJ,No,0.048331551342427656
1727,2519-ERQOJ,No,0.3375488457183954
6532,9274-UARKJ,No,0.40255426478976375
2886,4115-BNPJY,No,0.0528084320276278
1209,1779-PWPMG,No,0.05226767040843347
3158,4529-CKBCL,Yes,0.7141951710534871
6681,9497-QCMMS,Yes,0.7469589606138493
6393,9057-SIHCH,Yes,0.7429905010875149
4360,6145-NNPNO,No,0.44433965344102266
3976,5600-PDUJF,No,0.3435811266684448
4450,6270-OMFIW,No,0.22230466777931931
2316,3316-UWXUY,No,0.22010627313758607
5203,7321-KKSDU,No,0.01681683455915627
6273,8878-HMWBV,Yes,0.5397172827653292
1850,2684-EIWEO,No,0.357869681286136
3169,4547-FZJWE,No,0.07235172137789839
3335,4750-UKWJK,No,0.031225116577292725
1280,1902-XBTFB,No,0.46531710319373976
3786,5324-KTGCG,No,0.03580088998513059
6152,8714-EUHJO,No,0.41787251795030633
1020,1472-TNCWL,No,0.3643111786917537
2761,3932-CMDTD,Yes,0.5726604065136963
4062,5727-MYATE,No,0.029876315748742107
4267,6008-NAIXK,No,0.17002778553801806
6692,9506-UXUSK,Yes,0.5574203779478223
706,1042-HFUCW,No,0.10765524901230314
2967,4237-CLSMM,No,0.20978523776022498
3203,4588-YBNIB,No,0.3146687232314156
642,0940-OUQEC,No,0.4608153606068418
6423,9095-HFAFX,Yes,0.6314802003687457
967,1400-MMYXY,Yes,0.6868585264934944
2809,3999-QGRJH,Yes,0.6058617952293486
5103,7169-YWAMK,No,0.03535212219417378
5561,7831-QGOXH,Yes,0.5606454904809339
6635,9432-RUVSL,No,0.10442721426659979
812,1184-PJVDB,Yes,0.6260333016476783
5334,7534-BFESC,No,0.49205993422315425
4570,6439-PKTRR,No,0.06438762804839117
5901,8309-PPCED,No,0.06088501988022399
4898,6898-RBTLU,No,0.05171531530877226
6823,9692-TUSXH,Yes,0.5516787137033985
4257,5996-EBTKM,No,0.03479851491182168
2628,3737-XBQDD,No,0.3331390671989833
7008,9943-VSZUV,No,0.2738611036473153
4838,6818-DJXAA,Yes,0.5388828487775131
5336,7537-RBWEA,No,0.4080468361475773
6529,9269-CQOOL,No,0.41785619491206283
6174,8740-CRYFY,Yes,0.7310367232231267
6388,9053-EJUNL,No,0.3610143011598649
7031,9974-JFBHQ,No,0.2447443117237321
2710,3858-XHYJO,No,0.15672944394777266
3656,5168-MQQCA,No,0.149416040397009
5729,8065-BVEPF,No,0.289920128108008
129,0221-WMXNQ,Yes,0.5917873511559967
1747,2545-LXYVJ,No,0.010289306077838624
682,1009-IRMNA,No,0.20532222234782332
96,0164-XAIRP,No,0.0168196141103215
293,0431-APWVY,No,0.21144587265443654
5214,7337-CINUD,No,0.04320395168382598
1568,2277-DJJDL,No,0.3643185025223417
4916,6918-UMQCG,Yes,0.6660736230733825
6353,8992-VONJD,No,0.37010326443873537
4532,6384-VMJHP,No,0.04056889954965079
957,1389-WNUIB,No,0.13144137543464127
819,1196-AMORA,Yes,0.6431239448834654
6514,9242-TKFSV,No,0.04146295641579659
1583,2307-FYNNL,No,0.10617744230108561
1282,1905-OEILC,No,0.3031998638341413
3400,4826-DXMUP,No,0.10091983473526074
5649,7964-ZRKKG,No,0.12935965568790256
6705,9522-ZSINC,No,0.05285350219762817
5905,8313-NDOIA,No,0.497798981954991
5715,8050-DVOJX,No,0.041356012999638654
4984,7010-BRBUU,No,0.004909226696746652
1319,1963-SVUCV,Yes,0.5682454606698885
6306,8920-NAVAY,No,0.1340075443876046
267,0396-YCHWO,No,0.4147192599886249
1333,1984-FCOWB,No,0.20283090100831366
4472,6305-YLBMM,No,0.1646477884376928
6925,9824-QCJPK,No,0.02280685265122576
908,1322-AGOQM,No,0.24316254365847256
2262,3230-WYKIR,No,0.20139927026562116
6960,9873-MNDKV,No,0.2967046839134336
6952,9862-KJTYK,No,0.22767698228876426
279,0411-EZJZE,Yes,0.5502817419955005
2068,2977-CEBSX,No,0.042352167370163285
5070,7129-CAKJW,No,0.3391380113466924
248,0376-YMCJC,No,0.4994967357099801
5798,8165-CBKXO,No,0.0493118832693401
306,0454-OKRCT,No,0.1237148057984826
940,1360-JYXKQ,No,0.21389977883182365
2127,3057-VJJQE,No,0.06863626150506533
4638,6543-XRMYR,Yes,0.5248357617102319
6990,9921-EZKBY,No,0.29165524401835535
1932,2808-CHTDM,No,0.009212060310599752
506,0742-LAFQK,No,0.10870962569502737
5042,7089-RKVSZ,No,0.04981633143608523
5256,7404-JLKQG,Yes,0.518740702262236
2461,3522-CDKHF,No,0.2940269480200554
6048,8566-YPRGL,No,0.30466872323141564
2337,3346-BRMIS,Yes,0.5568044105405641
1572,2284-VFLKH,No,0.13158174424268548
6204,8777-MBMTS,No,0.07651297041557706
2995,4291-HPAXL,No,0.2353951314360119
2111,3030-YDNRM,Yes,0.6431062770068336
362,0531-ZZJWQ,No,0.38052258030121516
3240,4636-OLWOE,No,0.08721440439829294
4224,5960-MVTUK,No,0.4800726572986384
1091,1589-AGTLK,Yes,0.550178975253894
1258,1862-QRWPE,No,0.007951219716212918
2540,3638-VBZTA,No,0.03596213113804361
5174,7277-KAMWT,No,0.017173419955547525
6935,9838-BFCQT,No,0.00785647436918075
3526,5002-GCQFH,No,0.23861468039292613
1842,2675-OTVVJ,No,0.4407904498283605
2907,4139-DETXS,No,0.03867784546299462
6472,9167-APMXZ,No,0.3484941469000697
3985,5619-PTMIK,No,0.25298529306419676
3064,4385-ZKVNW,No,0.18159386708978814
4335,6119-SPUDB,No,0.06283019233377349
479,0699-NDKJM,No,0.18095670362521785
588,0867-LDTTC,No,0.3982393274359848
5037,7080-TNUWP,No,0.13368916689167074
6308,8922-NPKBJ,No,0.04135388293128815
2770,3945-GFWQL,No,0.4875826636442105
2866,4083-EUGRJ,No,0.16858424481243378
6022,8513-OLYGY,No,0.044945669951688784
3635,5146-YYFRZ,No,0.014821093942191318
2015,2907-ILJBN,No,0.04586640679657918
1097,1597-FZREH,Yes,0.5766850911305768
5546,7812-FZHPE,No,0.16425730251121665
4917,6919-ELBGL,No,0.04187713520841343
5196,7312-XSBAT,Yes,0.5231373135936848
1272,1891-QRQSA,No,0.06535788397207368
3647,5155-AZQPB,No,0.213873071906141
6378,9039-RBEEE,No,0.24924092277599874
5970,8413-VONUO,Yes,0.6765657577585913
4542,6402-SSEJG,No,0.16920566193772701
4480,6322-PJJDJ,No,0.140358748892519
5650,7966-YOTQW,No,0.27122448151407086
740,1088-CNNKB,No,0.06949915355330226
2695,3831-YCPUO,No,0.0483997286682766
1835,2672-TGEFF,No,0.35081403884070694
228,0354-WYROK,No,0.44084994979618175
1143,1684-FLBGS,No,0.19532392283987488
5437,7654-YWJUF,No,0.12972652930982534
1225,1814-DKOLC,No,0.16740373374107173
1907,2777-PHDEI,Yes,0.7139132751688816
11,0017-IUDMW,No,0.03985620793611735
2459,3521-MNKLV,No,0.21276133621228374
6687,9501-UKKNL,No,0.29697093799039287
1194,1760-CAZHT,No,0.10663223433954559
6693,9507-EXLTT,Yes,0.6667220259959029
503,0733-VUNUW,No,0.21340050354605306
2133,3063-QFSZL,Yes,0.5576183994221355
3488,4940-KHCWD,No,0.06552543167117637
2430,3481-JHUZH,No,0.34960794372286963
5876,8262-COGGB,No,0.24566072387268922
4595,6479-VDGRK,No,0.03021519134013408
120,0208-BPQEJ,No,0.14980705289463356
2385,3413-CSSTH,No,0.1901041232498108
559,0823-HSCDJ,No,0.3876047287916353
2646,3758-CKOQL,No,0.11974552782151986
1374,2038-OEQZH,Yes,0.6403460986398677
3626,5136-RGMZO,No,0.2873030125884466
6535,9279-CJEOJ,No,0.4219120161941622
159,0259-GBZSH,Yes,0.7320931588981843
354,0519-XUZJU,Yes,0.5995508568257222
3006,4302-ZYFEL,No,0.02480683196680938
3598,5103-MHMHY,No,0.46538740541827756
5149,7244-QWYHG,No,0.10186361706594324
1401,2073-QBVBI,No,0.10552900956374599
1884,2732-ISEZX,No,0.18356106657448718
3137,4501-VCPFK,No,0.3022223983358302
5344,7550-WIQVA,No,0.17617395756867174
4501,6347-DCUIK,No,0.46307313573138537
3553,5035-BVCXS,No,0.42989615181896457
927,1346-PJWTK,No,0.21519580672834826
2655,3771-PZOBW,No,0.39247141903646293
4952,6972-SNKKW,No,0.18106741928732373
2417,3458-IDMFK,No,0.02211402133579698
2986,4280-DLSHD,No,0.30098325025073974
4269,6013-BHCAW,No,0.03308272936169313
1782,2606-PKWJB,No,0.09047807526085361
2138,3070-BDOQC,No,0.14540098479865213
2989,4282-YMKNA,Yes,0.6314486101432997
2560,3658-QQJYD,No,0.07842399331881383
1637,2379-ENZGV,Yes,0.6356999762893656
4126,5835-BEQEU,Yes,0.706483624811504
1111,1624-NALOJ,Yes,0.6628095036475729
6329,8963-MQVYN,No,0.16002071735454096
3043,4359-INNWN,No,0.02854241223564094
6229,8808-ELEHO,Yes,0.6368021343855252
942,1360-XFJMR,No,0.13283870057343936
504,0734-OXWBT,No,0.4003852209998471
6143,8706-HRADD,No,0.22602967844516084
5123,7207-RMRDB,No,0.3755414235773605
4718,6647-ZEDXT,No,0.1842150757898582
5946,8384-FZBJK,No,0.35399316387342245
3143,4510-PYUSH,No,0.20796127570266573
3686,5197-LQXXH,No,0.042397153938593515
1775,2592-YKDIF,No,0.24889570280295054
5288,7469-LKBCI,No,0.03665130842937033
3995,5630-IXDXV,No,0.3785951722521542
4781,6728-CZFEI,No,0.12417550035060458
2483,3551-HUAZH,Yes,0.7092490177849821
2556,3655-SNQYZ,No,0.04703281894138772
2173,3106-ULWFW,Yes,0.5509194342656034
808,1177-XZBJL,No,0.05922050284297914
5185,7295-JOMMD,Yes,0.5992666947251815
4135,5846-NEQVZ,No,0.03478810096414671
637,0931-MHTEM,No,0.14605490689308082
415,0617-AQNWT,No,0.2176891702626688
5534,7794-JASDG,No,0.4291490333083399
6213,8782-LKFPK,No,0.2585545533294616
5636,7945-HLKEA,No,0.09364735521920617
6441,9117-SHLZX,No,0.4541912545265883
5083,7139-JZFVG,No,0.03795319103420369
6112,8652-YHIYU,No,0.19602411088620714
6987,9919-FZDED,No,0.039856566542239895
6651,9462-MJUAW,No,0.4519780623548267
2835,4030-VPZBD,Yes,0.5032546821620469
2726,3878-AVSOQ,Yes,0.6598559584109833
4662,6581-NQCBA,Yes,0.5151327890987983
6941,9845-PEEKO,No,0.07663006246390408
6066,8597-CTXVJ,No,0.06114713785961671
3124,4482-EWFMI,Yes,0.6288259693092079
3972,5597-GLBUC,Yes,0.7159141308530864
1293,1925-TIBLE,Yes,0.6772432926648894
3222,4622-YNKIJ,No,0.18014589891279545
6773,9618-LFJRU,No,0.16153618784833337
1684,2454-RPBRZ,Yes,0.6242535584149781
4164,5887-IKKYO,No,0.06433126913184672
6358,8999-EXMNO,No,0.022646436080562448
2555,3654-ARMGP,No,0.04876369021604237
5291,7471-MQPOS,No,0.06770045342497666
6067,8597-CWYHH,No,0.15890390164716342
2063,2969-VAPYH,No,0.06773308094578617
4451,6275-YDUVO,Yes,0.6421060218922383
6820,9688-YGXVR,No,0.2324786399263438
1701,2479-BRAMR,No,0.2796623096068674
629,0925-VYDLG,Yes,0.6780631582167834
4832,6807-SIWJI,No,0.18215175426080726
3397,4824-GUCBY,No,0.46525199546012275
458,0673-IGUQO,No,0.2490142851103356
5751,8091-TTVAX,No,0.12370571278378292
2478,3546-GHEAE,No,0.056841467128831154
3349,4776-XSKYQ,No,0.16045677299542396
2092,3001-UNBTL,No,0.45231427897230014
1935,2810-FTLEM,No,0.45963541585590867
5900,8309-IEYJD,Yes,0.6057598247993874
2751,3913-RDSJZ,No,0.012389518763079763
5389,7601-GNDYK,No,0.013890050707073482
4951,6969-MVBAI,Yes,0.6683527752004261
1547,2257-BOVXD,No,0.2450455093113099
5497,7740-BTPUX,No,0.10350323463410216
6400,9065-ZCPQX,No,0.03306109380002665
5376,7593-JNWRU,No,0.41123767905425657
2310,3308-MHOOC,No,0.2793344422083555
1496,2205-LPVGL,No,0.10789677055589024
4132,5844-QVTAT,No,0.08411429727700385
5253,7401-RUBNK,No,0.47868169834384294
1564,2275-RBYQS,No,0.45763242639491275
4446,6265-FRMTQ,No,0.014006894613426185
121,0212-ISBBF,No,0.4214303002044719
3015,4315-MURBD,No,0.4758158942425284
3590,5089-IFSDP,No,0.10268684378991619
2389,3419-SNJJD,No,0.2967021251063277
6394,9058-CBREO,No,0.48860221095761114
3461,4906-ZHGPK,No,0.10846410559091352
5098,7162-WPHPM,No,0.032248860227141705
1864,2703-AMTUL,No,0.08061177341229853
6460,9140-CZQZZ,No,0.04282386989514492
5016,7049-GKVZY,No,0.13901086638102653
5640,7951-VRDVK,No,0.11347604379679715
6638,9436-ZBZCT,Yes,0.5975622518673007
2669,3794-NFNCH,No,0.2196471854461012
4259,5997-OPVFA,No,0.03352162457154539
2159,3092-IGHWF,No,0.2349678034625231
4218,5954-BDFSG,No,0.09291211561715983
4410,6217-KDYWC,No,0.030598004597574183
2629,3739-YBWAB,No,0.07759913000461713
5350,7558-IMLMT,No,0.009141548157920133
2360,3378-AJRAO,No,0.04290241564801414
2977,4255-DDUOU,No,0.32824743452300637
5440,7660-HDPJV,Yes,0.6556502060178712
2003,2889-FPWRM,No,0.31255586801952917
4540,6400-BWQKW,Yes,0.6385541992867876
5317,7508-SMHXL,No,0.3800870586819358
2500,3572-UUHRS,No,0.03284465802060919
2779,3956-CJUST,No,0.3000190866122444
2117,3043-SUDUA,No,0.11724469504723732
2863,4080-OGPJL,No,0.46085547891462986
3845,5397-TUPSH,No,0.13625563309994568
1162,1707-HABPF,No,0.13063619567536572
6711,9530-GRMJG,No,0.07008369803047645
2938,4191-XOVOM,No,0.3109085567843174
2806,3992-YWPKO,Yes,0.6002430255398549
285,0420-TXVSG,No,0.042002457358535056
4950,6968-URWQU,No,0.08843412450712948
4939,6959-GQEGV,No,0.2660459327189669
5113,7188-CBBBA,No,0.20059339286115122
2450,3509-GWQGF,No,0.2828233219773656
5385,7598-UAASY,Yes,0.6463506821554751
6631,9424-CMPOG,No,0.03038743172549641
3970,5590-ZSKRV,No,0.2989958501700707
3066,4390-KYULV,No,0.2405355018590029
6508,9231-ZJYAM,Yes,0.6906957304778557
5062,7115-IRDHS,No,0.00859157292646654
5347,7552-KEYGT,No,0.015887930812651396
2513,3590-TCXTB,No,0.2490142851103356
3305,4710-NKCAW,No,0.34712794686839865
5696,8024-XNAFQ,No,0.05979312546346341
2345,3354-OADJP,No,0.1448891141372669
6867,9755-JHNMN,No,0.04616506187959356
2142,3071-VBYPO,Yes,0.5665350334278972
718,1060-ENTOF,No,0.12293910059896106
5101,7167-PCEYD,No,0.02219037374544648
4089,5778-BVOFB,No,0.26106911482902107
3082,4418-LZMSV,No,0.22608833092510788
3836,5387-ASZNZ,No,0.0697230548836232
2679,3803-KMQFW,No,0.31915075233985446
1130,1658-TJVOA,Yes,0.5721769577890787
6723,9548-LERKT,No,0.020302008307567496
1941,2817-LVCPP,No,0.021947545492024257
2979,4257-GAESD,No,0.3586120967274454
477,0696-UKTOX,No,0.23981896477253836
6609,9391-TTOYH,No,0.12075308808264898
764,1112-CUNAO,Yes,0.5731699938510161
6433,9108-EJFJP,No,0.41529756694332565
3524,4998-IKFSE,No,0.46805757813106963
4504,6350-XFYGW,Yes,0.6980524846307703
5822,8197-BFWVU,No,0.027767847628875054
5001,7028-DVOIQ,No,0.46272655390123085
3925,5522-NYKPB,No,0.39694051521868934
4593,6479-OAUSD,No,0.014474995391620758
670,0979-PHULV,No,0.30778705256341854
6164,8734-DKSTZ,Yes,0.547772600634368
576,0847-HGRML,No,0.012671600435279555
2602,3716-LRGXK,No,0.09340473167928487
1276,1897-OKVMW,No,0.028960103248504527
2061,2968-SSGAA,Yes,0.6619157333477215
2813,4002-BQWPQ,No,0.18718297194298775
2318,3317-VLGQT,Yes,0.5695410284984354
1255,1853-UDXBW,Yes,0.6701823460938311
410,0608-JDVEC,No,0.04328972902233343
3814,5364-XYIRR,No,0.3936982054470067
2687,3810-PJUHR,No,0.00785647436918075
5819,8190-ZTQFB,No,0.16370096613116197
5506,7753-USQYQ,No,0.11385640647734036
1876,2722-JMONI,Yes,0.5562721120697282
4942,6961-MJKBO,No,0.01531125046429366
5539,7799-LGRDP,No,0.007522922114383709
4279,6029-CSMJE,No,0.2559218922761342
6225,8805-JNRAZ,No,0.4248592371178343
874,1265-ZFOSD,No,0.03566227709244393
369,0541-FITGH,No,0.4049340628351551
5964,8404-VIOMB,No,0.04445238775909153
3028,4329-YPDDQ,No,0.36366198976012265
428,0623-IIHUG,No,0.49929532695339135
2714,3865-QBWSJ,No,0.2531229124735921
4497,6344-SFJVH,No,0.2400535312295824
5348,7554-AKDQF,No,0.38351903551019034
4905,6906-ANDWJ,No,0.39500261421353344
2605,3717-LNXKW,No,0.2667509958047473
5879,8263-QMNTJ,No,0.07504393518402303
4577,6458-CYIDZ,Yes,0.5731406347242403
3570,5057-RKGLH,No,0.031209560078464406
3602,5115-SQAAU,No,0.003827443850465062
3987,5622-UEJFI,No,0.0029683419556119405
3790,5329-KRDTM,No,0.045295390679564125
4578,6461-PPAXN,No,0.08530993131751467
3106,4452-QIIEB,No,0.3532048712394213
4839,6818-WOBHJ,No,0.273562997028587
5524,7779-ORAEL,No,0.05826821181659567
4375,6169-PPETC,No,0.0072183276319311585
1968,2848-YXSMW,No,0.014884538232353505
4301,6061-GWWAV,No,0.07614660874920716
124,0218-QNVAS,No,0.15634740198162322
6073,8608-OZTLB,No,0.11395980244436776
6162,8728-SKJLR,No,0.36778477083427125
6290,8901-UPRHR,No,0.058469441922080104
6,0013-SMEOE,No,0.06099412112807474
4625,6519-CFDBX,Yes,0.5546392192669055
3131,4488-PSYCG,No,0.17011275449560967
4859,6849-OYAMU,No,0.2729422025637214
2762,3932-IJWDZ,No,0.24971153552244105
3623,5135-RDDQL,No,0.050960505453387685
801,1169-WCVAK,No,0.32752115449174213
507,0742-MOABM,No,0.4230375262402238
3290,4698-KVLLG,No,0.019385004690353022
1133,1661-CZBAU,No,0.08183507335721175
6104,8644-XYTSV,No,0.2366923612024391
2599,3714-NTNFO,No,0.3954279841161091
651,0953-LGOVU,No,0.26580922571554744
315,0464-WJTKO,No,0.010076188049295816
6064,8593-WHYHV,Yes,0.7003939058700448
5666,7989-CHGTL,No,0.31520144058675925
5677,7998-ZLXWN,No,0.13244696253334348
3501,4957-TREIR,No,0.36474364772029605
5307,7501-VTYLJ,No,0.41751864150868706
304,0447-BEMNG,No,0.2473515436844053
436,0637-YLETY,No,0.4651095261103134
1699,2476-YGEFM,No,0.30317887885681044
4214,5949-HGVJL,No,0.29220267165549335
4206,5939-XAIXZ,No,0.2277783931589183
6944,9847-HNVGP,No,0.032732399251889206
3193,4576-CSAJH,No,0.14441330948057557
3332,4747-LCAQL,No,0.17253149439993243
5380,7595-EHCDL,No,0.2515952470942235
2815,4003-OCTMP,No,0.15695499648064032
5406,7617-EYGLW,No,0.17878241446344803
4573,6447-EGDIV,No,0.02277833097158845
1920,2796-NNUFI,No,0.014723869770950877
4513,6362-QHAFM,No,0.21926531165914256
4850,6838-HVLXG,No,0.13742808494568426
5833,8205-VSLRB,No,0.04958228821534181
1565,2276-YDAVZ,Yes,0.6211970200555023
1240,1839-FBNFR,No,0.008884313986336285
6603,9386-LDCZR,No,0.11186017942677397
2453,3512-IZIKN,No,0.07077257672106176
6814,9675-ICXCT,No,0.06843845712748592
2094,3003-CMDUU,No,0.4424138112583153
4586,6469-QJKZW,No,0.18620039341644834
2363,3387-VATUS,Yes,0.7175406804975216
3992,5628-FCGYG,Yes,0.5280753956847833
3729,5244-IRFIH,No,0.4701546294382703
6420,9092-GDZKO,No,0.10360950389811542
4548,6410-LEFEN,Yes,0.5074055751103207
6071,8606-CIQUL,No,0.03818461954214475
3329,4742-DRORA,No,0.12961731263163853
5114,7190-XHTWJ,No,0.04477783739512229
6855,9739-JLPQJ,No,0.07024605825021528
4800,6745-JEFZB,No,0.2746544529836515
4205,5939-SXWHM,No,0.0064099383221139575
404,0602-DDUML,No,0.04774423298150931
2186,3132-TVFDZ,No,0.39462511604128286
6853,9734-YWGEX,Yes,0.5550504983345325
4217,5951-AOFIH,No,0.204308799801162
23,0030-FNXPP,No,0.19045403353963436
6507,9229-RQABD,No,0.01623897604806949
264,0394-YONDK,No,0.004547780913614121
4620,6513-EECDB,Yes,0.6950045987883117
2302,3295-YVUSR,Yes,0.6143589591390918
5992,8450-UYIBU,No,0.3648152747266685
6476,9170-CCKOU,No,0.39080240712519115
5874,8260-NGFNY,No,0.4073203992152611
5978,8430-TWCBX,No,0.018694501854944576
3457,4902-OHLSK,No,0.4967345432708685
3949,5562-YJQGT,No,0.17526712963550434
2202,3156-QLHBO,No,0.18694519169400559
3910,5501-TVMGM,Yes,0.5484064426044568
6811,9668-PUGNU,No,0.03491597746251793
3280,4686-GEFRM,No,0.07031572536467406
5463,7690-KPNCU,No,0.07191526655741934
4382,6176-YJWAS,No,0.079593219889387
4745,6685-XSHHU,No,0.007900937218296305
6801,9650-VBUOG,No,0.0031329006217941063
6606,9391-DXGGG,No,0.12874456695869446
4234,5975-BAICR,No,0.08673367578286756
5720,8058-DMYRU,No,0.3658583373011289
4270,6015-VVHHE,Yes,0.6507856492990785
3417,4840-ORQXB,No,0.3489014680488099
1543,2252-NKNSI,No,0.033559631330912526
3633,5144-TVGLP,No,0.4025718260187869
4589,6475-VHUIZ,No,0.2835394278681232
878,1270-XKUCC,No,0.013544484773242547
5686,8012-SOUDQ,No,0.3741367398188226
4868,6859-RKMZJ,No,0.27420094996714484
6962,9878-TNQGW,Yes,0.6939049718244005
2312,3312-ZWLGF,No,0.45420569532055843
4424,6235-VDHOM,Yes,0.5283906828303018
516,0750-EBAIU,No,0.16943107676081623
5444,7663-YJHSN,No,0.05928866073968055
6465,9150-HEPMB,No,0.06644103841721448
2837,4039-HEUNW,No,0.4359175701283186
2211,3165-HDOEW,No,0.46431117807530525
1017,1469-LBJQJ,No,0.3847475154313733
6026,8519-QJGJD,Yes,0.553506681511765
4200,5931-FLJJF,Yes,0.5725147656123992
4065,5730-RIITO,No,0.22475562639516128
3891,5473-KHBPS,No,0.1131341644395047
1275,1895-QTKDO,No,0.4300943417458163
2362,3387-PLKUI,No,0.14669991383183828
4021,5669-SRAIP,Yes,0.5237070386782383
5794,8158-WPEZG,No,0.43179585346266824
618,0906-QVPMS,No,0.04863818561795747
4743,6683-VLCTZ,Yes,0.5946383400636223
5746,8084-OIVBS,No,0.04266777176098331
6119,8665-UTDHZ,Yes,0.5347438933903771
3819,5371-VYLSX,No,0.3342387663516638
5802,8167-GJLRN,No,0.48008433172339443
4792,6734-GMPVK,Yes,0.6232671523648113
6506,9227-YBAXE,No,0.033222271619270397
4075,5756-JYOJT,No,0.13209846487619312
35,0057-QBUQH,No,0.028639309167628694
5403,7613-LLQFO,Yes,0.6253979184479256
4323,6100-FJZDG,No,0.022354178223239585
2756,3923-CSIHK,No,0.38359366703683
3201,4587-NUKOX,Yes,0.6088259207340105
2685,3808-HFKDE,No,0.41865359315904305
4038,5696-CEIQJ,No,0.07800203276083396
521,0757-WCUUZ,No,0.044854379045625545
6036,8550-XSXUQ,No,0.0797718253976867
4938,6956-SMUCM,Yes,0.6576260749357212
3427,4854-SSLTN,No,0.1620398485073272
1512,2223-GDSHL,No,0.04403082098342273
5881,8266-VBFQL,Yes,0.6136213857555594
4828,6797-LNAQX,No,0.15258114357880057
3439,4877-TSOFF,No,0.06875641084757877
773,1125-SNVCK,No,0.22320099329541737
6710,9530-EHPOH,No,0.46169982613029137
3387,4817-VYYWS,Yes,0.5138092381260345
5487,7722-CVFXN,No,0.18849167732751348
1828,2667-WYLWJ,No,0.14802570232968143
2621,3727-RJMEO,Yes,0.7084876093133801
316,0468-YRPXN,No,0.3194949128767004
109,0193-ESZXP,No,0.158700159650186
1402,2074-GKOWZ,Yes,0.6767284232023573
108,0191-ZHSKZ,No,0.3249093468765311
2588,3703-KBKZP,No,0.36709177143301525
2276,3254-YRILK,Yes,0.5377895792201554
6924,9824-BEMCV,Yes,0.5025173262949374
2616,3724-UCSHY,No,0.15902366877705254
1448,2138-VFAPZ,No,0.03129330190397145
3921,5519-TEEUH,No,0.024565218667371935
1435,2115-BFTIW,No,0.2951904772171277
1521,2232-DMLXU,No,0.4590261832895901
391,0578-SKVMF,No,0.443377085364881
1186,1746-TGTWV,Yes,0.5785762397217487
2373,3398-ZOUAA,Yes,0.5095424901063448
1323,1965-DDBWU,No,0.38494059377909
567,0835-JKADZ,No,0.09619003218380277
3013,4312-GVYNH,No,0.06179517632937901
5653,7969-AULMZ,Yes,0.5861085934639003
4024,5673-FSSMF,Yes,0.5687775028803547
619,0907-HQNTS,No,0.05751721846364029
6880,9774-NRNAU,No,0.21695683446955827
2089,2996-XAUVF,No,0.07367490973141516
3392,4821-WQOYN,No,0.010094439850119721
2892,4119-ZYPZY,No,0.12490848036660732
5272,7434-SHXLS,No,0.3200442209514688
6794,9643-AVVWI,Yes,0.5681403247154253
2115,3038-PQIUY,No,0.1863273070917416
6099,8637-XJIVR,Yes,0.554091601335758
4510,6357-JJPQT,Yes,0.7017359534415827
148,0247-SLUJI,No,0.2492751347188163
849,1229-RCALF,No,0.17775131023192864
1036,1498-DQNRX,No,0.09952076493808373
2700,3841-NFECX,No,0.05055613513512988
3315,4719-UMSIY,No,0.15796628426197754
5150,7245-JMTTQ,No,0.18920849937478715
3262,4662-EKDPQ,No,0.4413877972119103
6747,9577-WJVCQ,No,0.19162544845138796
857,1241-FPMOF,No,0.028064715825886783
6786,9631-XEYKE,No,0.45782872662981283
3674,5181-OABFK,No,0.04406193102618258
5731,8065-YKXKD,Yes,0.6233819155089647
6611,9392-XBGTD,No,0.01681683455915627
2108,3026-ATZYV,No,0.0858023047823239
1192,1755-RMCXH,No,0.16889419284822624
2254,3221-CJMSG,No,0.21041608746651172
3573,5062-CJJKH,No,0.08330286604413388
5413,7623-TRNQN,No,0.4399815987203564
5550,7815-PDTHL,No,0.021418487850901138
2738,3896-RCYYE,No,0.19648769099760183
3421,4847-TAJYI,Yes,0.6636616180033346
3583,5075-JSDKI,No,0.0293929393739591
3538,5018-GWURO,No,0.2586906641009639
4003,5649-ANRML,Yes,0.6204504523875236
1674,2439-QKJUL,No,0.19005393825925934
1263,1866-RZZQS,No,0.4150942970520143
997,1448-CYWKC,No,0.13086384707637144
4899,6899-PPEEA,No,0.444487208961869
6451,9134-WYRVP,No,0.12951119532891162
5321,7517-LDMPS,Yes,0.5638556165657639
938,1357-BIJKI,No,0.2158854558984509
4077,5759-RCVCB,No,0.41797853707028304
2924,4176-RELJR,No,0.006066391175101869
2489,3566-CAAYU,No,0.12749991930087673
813,1187-WILMM,No,0.03064835090247898
6750,9581-GVBXT,No,0.07487204013628551
6120,8668-KNZTI,No,0.11101399654665528
5281,7450-NWRTR,Yes,0.6587395332697469
5391,7602-DBTOU,No,0.018895467238124464
2164,3096-WPXBT,No,0.11362407971940597
6790,9637-EIHEQ,Yes,0.5561154947225219
4357,6141-OOXUQ,No,0.30653813674504055
1714,2498-XLDZR,No,0.04785986017686758
384,0567-XRHCU,No,0.05257685623939576
2709,3858-VOBET,No,0.4999896885057534
1071,1563-IWQEX,No,0.14138189862641923
6049,8570-KLJYJ,No,0.08289719766281242
4324,6100-QQHEB,Yes,0.5472572300583268
48,0082-LDZUE,No,0.44163251085619315
5460,7683-CBDKJ,No,0.3572335360420209
5232,7363-QTBIW,Yes,0.6015737821604987
118,0206-TBWLC,No,0.14010557107772728
4692,6617-WLBQC,No,0.15924318872950471
133,0224-RLWWD,Yes,0.5580176183950531
3173,4549-ZDQYY,No,0.07085095231433707
2970,4238-JSSWH,No,0.306362265175667
17,0021-IKXGC,Yes,0.6835972144917772
2665,3786-WOVKF,No,0.14305886684070507
1881,2725-TTRIQ,No,0.03152237345088029
3160,4531-AUZNK,No,0.137594639484976
5955,8397-MVTAZ,No,0.44556843385724276
1483,2190-BCXEC,No,0.25513892940909044
5997,8461-EFQYM,No,0.023998678504837764
450,0661-WCQNQ,No,0.1267893558148015
3301,4707-MAXGU,No,0.008129354384588972
326,0485-ZBSLN,No,0.004108021877469543
1454,2146-EGVDT,No,0.030443568217692306
4255,5995-WWKKG,No,0.025778878434030657
2080,2987-BJXIK,No,0.0478685324206257
4494,6340-DACFT,No,0.007946534722288325
1725,2516-VQRRV,Yes,0.6548891293161502
2764,3934-HXCFZ,No,0.4828989598241641
1241,1839-UMACK,No,0.020049428817163536
5628,7929-DMBCV,No,0.32421842685830105
1622,2361-UPSND,No,0.07715506324973828
6276,8879-ZKJOF,No,0.08860466236332246
1825,2662-NNTDK,No,0.014512324817239361
1944,2821-WARNZ,No,0.01914212442044695
1629,2371-JQHZZ,No,0.4944744548913196
3963,5575-TPIZQ,No,0.24174321283201422
6266,8869-LIHMK,No,0.06550941284528951
4103,5802-ADBRC,No,0.14839361927987546
5168,7270-BDIOA,Yes,0.5369882650554771
1841,2675-IJRGJ,No,0.018654053494596694
1383,2045-BMBTJ,No,0.22048885966225362
2713,3863-QSTYI,No,0.24329384386150055
2532,3627-FCRDW,Yes,0.5715861663551314
5535,7795-CFOCW,No,0.08648339829833578
6956,9867-JCZSP,No,0.036133733277211054
5370,7580-UGXNC,No,0.4134796722397459
5568,7845-URHJN,No,0.21888801893360246
791,1154-HYWWO,No,0.08413459315405125
6033,8544-JNBOX,No,0.021484299448257724
67,0112-QWPNC,No,0.16609870448893685
699,1031-IIDEO,Yes,0.6660414358052265
5335,7537-CBQUZ,No,0.25882069051471257
3917,5515-AKOAJ,No,0.4098472614478794
2107,3023-GFLBR,No,0.3171262550101893
5748,8086-OVPWV,Yes,0.6939049718244005
5108,7180-PISOG,Yes,0.7172238642470471
3058,4376-KFVRS,No,0.03869941642826516
2179,3120-FAZKD,No,0.006438008648560784
4338,6121-VZNQB,No,0.3563026127936206
3632,5144-PQCDZ,No,0.1987252080786659
4652,6563-VRERX,No,0.02020049897314144
4084,5766-ZJYBB,No,0.31007886072694096
1854,2691-NZETQ,Yes,0.6496526997667749
6255,8851-RAGOV,No,0.17817056451219912
3122,4480-MBMLB,No,0.16309792413595622
5126,7216-EWTRS,Yes,0.7356249558766177
3266,4670-TABXH,No,0.05432451250193915
487,0709-TVGUR,Yes,0.6329125121901071
143,0236-HFWSV,Yes,0.6139107422977418
4725,6653-CBBOM,Yes,0.6660414358052265
5545,7811-JIVPF,No,0.23184383624716504
4851,6838-YAUVY,No,0.08263560565480285
4954,6976-BWGLQ,No,0.0055333136592219615
748,1093-YSWCA,No,0.019045764277891848
5466,7693-LCKZL,Yes,0.640347953175618
2145,3078-ZKNTS,No,0.030866514354705728
6405,9068-VPWQQ,No,0.04673902040726742
6510,9236-NDUCW,No,0.10055837354091246
1515,2226-ICFDO,No,0.03648922189823531
6265,8868-WOZGU,No,0.48334723829975246
2601,3716-BDVDB,Yes,0.6556227953781079
4798,6741-QRLUP,No,0.04163394513633354
6981,9909-DFRJA,No,0.19866457932197304
6622,9411-TPQQV,No,0.1109390636351119
5061,7114-AEOZE,No,0.014496633198905418
6437,9114-AAFQH,No,0.14470117449149597
2545,3642-BYHDO,No,0.0093619023350101
4144,5857-XRECV,No,0.06176148660959031
2625,3733-ZEECP,No,0.3066729316828552
6910,9805-FILKB,No,0.02180803433993936
6346,8985-OOPOS,No,0.2754334581070551
3557,5043-TRZWM,Yes,0.6657143949219657
3996,5639-NTUPK,No,0.24592059374161024
448,0661-KBKPA,No,0.08840059255560939
397,0585-EGDDA,No,0.346172330588989
1838,2674-MIAHT,Yes,0.6225554287256531
3391,4821-SJHJV,No,0.3920162398161092
6712,9531-NSBMR,No,0.03295951939037807
5969,8410-BGQXN,No,0.19984423700191936
1902,2770-NSVDG,No,0.3632696144278139
2663,3785-KTYSH,No,0.015627528602872944
980,1422-DGUBX,No,0.27518402442434176
4433,6250-CGGUN,No,0.1596085183311459
1713,2495-TTHBQ,No,0.09174390748580455
6778,9624-EGDEQ,No,0.020466511079406665
5416,7629-WFGLW,No,0.14513644129346073
921,1337-BOZWO,No,0.12540099017340112
3159,4530-NDRKU,No,0.053561754463230214
6950,9860-LISIZ,No,0.10727678189727285
2403,3440-JPSCL,Yes,0.6069329559661955
1840,2675-DHUTR,No,0.3787855420980103
5683,8008-HAWED,Yes,0.5214977020833245
1199,1766-GKNMI,No,0.4919731964234888
6791,9638-JIQYA,No,0.37494215431233746
2987,4282-ACRXS,No,0.3102293144503688
2849,4065-JJAVA,Yes,0.543737696014531
5160,7253-UVNDW,No,0.09865589652241002
6953,9863-JZAIC,No,0.20756778358852496
1074,1565-RHDJD,Yes,0.6143838827736495
3449,4890-VMUAV,No,0.0752012769615893
5641,7952-OBOYL,Yes,0.5922027482449616
2470,3536-IQCTX,No,0.4910438928092826
1812,2642-MAWLJ,No,0.008573270791752366
2909,4139-SUGLD,No,0.23904473620300565
6221,8799-OXZMD,No,0.20495843173059686
3628,5140-FOMCQ,No,0.12635643290229795
4231,5968-XQIVE,No,0.21991704978401475
2615,3724-BSCVH,No,0.037172434959362975
6417,9089-UOWJG,No,0.23673577440260918
3086,4423-YLHDV,No,0.3997173892426473
6753,9586-JGQKH,No,0.10731508412904239
3651,5160-UXJED,No,0.12258696879865387
683,1010-DIAUQ,Yes,0.6609667993322921
3310,4716-HHKQH,No,0.4651552305234125
5265,7421-ZLUPA,No,0.32025067557121484
6455,9137-NOQKA,No,0.1353035063138588
2843,4057-FKCZK,No,0.10435943145792578
4774,6719-OXYBR,Yes,0.5494914826368843
6628,9418-RUKPH,No,0.0134195139200834
1041,1508-DFXCU,Yes,0.6106460752228449
6583,9360-AHGNL,No,0.17547587655660188
3968,5590-BYNII,Yes,0.5283994842799141
7015,9953-ZMKSM,No,0.01662752860287294
5765,8107-RZLNV,No,0.09585778141455278
393,0581-BXBUB,Yes,0.5796569082909128
3459,4903-UYAVB,No,0.22912996430014992
2471,3537-HPKQT,No,0.23193193916171256
963,1396-QWFBJ,No,0.32828939974628163
510,0743-HRVFF,No,0.1568209074198409
4178,5906-DVAPM,No,0.06803080048185482
4526,6376-GAHQE,Yes,0.6726897552821716
1982,2867-UIMSS,Yes,0.6911038721483392
62,0106-UGRDO,No,0.07795802616699946
2988,4282-MSACW,No,0.12756520050923353
643,0942-KOWSM,No,0.06354572934584596
3282,4690-LLKUA,Yes,0.5137963432789963
4749,6689-TCZHQ,Yes,0.6497505378474564
6470,9158-VCTQB,No,0.266975941834082
5128,7217-JYHOQ,No,0.18500979251709765
3395,4822-RVYBB,Yes,0.689246240205931
6000,8466-PZBLH,No,0.10621515523732945
2201,3154-HMWUU,No,0.010711156237500635
4865,6857-TKDJV,No,0.0051508021094893745
4467,6298-QDFNH,Yes,0.5092184969026919
3709,5219-YIPTK,No,0.45552399515071434
4802,6749-UTDVX,No,0.13241504155271833
3796,5338-YHWYT,No,0.05653432161464639
201,0318-QUUOB,Yes,0.7339630847642408
608,0895-DQHEW,No,0.36848609125157317
1424,2097-YVPKN,No,0.015484671460015803
5586,7868-BGSZA,No,0.1488418630680856
4061,5726-CVNYA,No,0.058046649308814924
1653,2402-TAIRZ,No,0.2092002016447643
1681,2452-MRMZF,No,0.006202185482623582
3017,4317-VTEOA,Yes,0.5471656264612071
6500,9221-OTIVJ,Yes,0.6035380525864561
6595,9372-TXXPS,No,0.045694683578551575
3956,5569-IDSEY,No,0.13340958557296853
5914,8327-WKMIE,No,0.01694754383554325
672,0980-PVMRC,No,0.30402075997219347
5342,7548-SEPYI,Yes,0.6872006204886706
2418,3460-TJBWI,No,0.008478162771824165
6038,8559-CIZFV,No,0.13667727743049837
2042,2937-FTHUR,No,0.334735766246531
5762,8104-OSKWT,Yes,0.5474605930469704
3988,5624-BQSSA,No,0.3200442209514688
732,1080-BWSYE,No,0.005740499924924416
5434,7647-GYYKX,No,0.00793447397127888
1620,2360-RDGRO,No,0.34008067446316276
5453,7672-VFMXZ,No,0.20401836037069004
5031,7074-IEVOJ,Yes,0.6822727394146771
6615,9399-APLBT,Yes,0.6484474694721427
663,0970-ETWGE,Yes,0.7305645140462587
4042,5697-GOMBF,No,0.34478659250085547
5209,7326-RIGQZ,Yes,0.6064523724278579
592,0870-VEMYL,No,0.3759688828609866
1105,1614-JBEBI,No,0.17595565576321956
2736,3892-NXAZG,No,0.03869941642826516
579,0851-DFJKB,No,0.3525011713258509
5410,7622-FWGEW,No,0.03745618400622875
1140,1679-JRFBR,No,0.12822611928192792
2077,2984-TBYKU,No,0.047541319057685445
5807,8174-TBVCF,No,0.04326305642967203
4746,6686-YPGHK,No,0.2703009053431444
1955,2832-SCUCO,No,0.1308525859475964
6314,8938-UMKPI,No,0.3801519904339724
2795,3976-NLDEZ,No,0.28678040787645837
4923,6924-TDGMT,No,0.059160731298997675
2512,3589-PPVKW,No,0.3047155276551431
729,1075-BGWOH,Yes,0.6235478896352951
6916,9819-FBNSV,No,0.2842390002386028
5080,7137-NAXML,No,0.02646061227710449
2832,4024-CSNBY,No,0.05163997096349001
2758,3926-YZVVX,No,0.09347687562128412
2784,3961-SXAXY,No,0.44162491850501445
3272,4676-MQUEA,No,0.10804530675300844
4564,6435-SRWBJ,Yes,0.6329724666738865
853,1237-WIYYZ,No,0.14138737504629278
3859,5433-KYGHE,No,0.34558392337421495
84,0135-NMXAP,No,0.49842676912756695
3482,4931-TRZWN,No,0.41807211854196874
150,0248-PGHBZ,No,0.07414873762170476
2435,3487-EARAT,No,0.06329901035905977
6210,8780-IXSTS,Yes,0.6851461696642762
3442,4881-GQJTW,No,0.13152742675612927
2273,3249-ZPQRG,Yes,0.6477398160145377
6155,8718-PTMEZ,No,0.4960003113746184
3259,4659-NZRUF,Yes,0.5344907813576739
3155,4526-EXKKN,No,0.014482371101735992
6342,8981-FJGLA,No,0.4196088406799512
4064,5730-DBDSI,No,0.013571093942191324
6917,9820-RMCQV,No,0.29371780575246803
3536,5016-IBERQ,No,0.4571948569031001
4933,6946-LMSQS,No,0.3121647173315868
5264,7416-CKTEP,No,0.01394128625229386
1172,1725-MIMXW,No,0.2861122199861333
2880,4106-HADHQ,No,0.10828121034172232
3579,5071-FBJFS,No,0.4808099141636742
5243,7394-FKDNK,Yes,0.6313545182890089
6051,8573-CGOCC,No,0.12633969781840032
5454,7673-BQGKU,No,0.009636429013151235
6408,9073-ZZIAY,No,0.07538768686725417
1040,1506-YJTYT,No,0.04388508861720677
5204,7321-PKUYW,Yes,0.6056251794885249
1329,1977-STDKI,Yes,0.632376240883045
107,0191-EQUUH,No,0.0852916976155566
400,0595-ITUDF,No,0.26553219329191025
6724,9548-LIGTA,No,0.04039985995154852
2011,2900-PHPLN,No,0.006861994532651231
743,1090-ESELR,No,0.08691423102536076
3933,5537-UXXVS,No,0.15096467319208254
2199,3148-BLQJT,No,0.2650788820259471
6336,8972-HJWNV,Yes,0.655460026391455
2444,3503-TYDAY,No,0.35073349192434233
1578,2300-RQGOI,No,0.020466511079406665
2638,3750-YHRYO,No,0.05890751889221359
1348,2004-OCQXK,Yes,0.7029505085404593
5096,7159-NOKYQ,No,0.1296308917979434
951,1379-FRVEB,Yes,0.5270401033120303
2071,2982-IHMFT,Yes,0.6494536630581296
6717,9541-PWTWO,No,0.05237164308900048
3060,4378-BZYFP,No,0.035422447574710116
4734,6668-CNMFP,No,0.24407558315193753
5949,8388-DMKAE,No,0.04465716274495591
3303,4709-LKHYG,No,0.0398857067018597
3133,4495-LHSSK,No,0.21269573227813454
6789,9637-CDTKZ,No,0.04721285463158239
5766,8108-UXRQN,No,0.4421490542288949
1031,1492-KGETH,No,0.0671492489359468
2526,3617-XLSGQ,No,0.09206345037722118
375,0559-CKHUS,No,0.02063991526299938
1522,2233-FAGXV,No,0.18507213291172792
3817,5366-OBVMR,No,0.23329256752721256
530,0780-XNZFN,No,0.014517730154815904
2672,3796-ENZGF,No,0.04629767401922433
1313,1952-DVVSW,No,0.04872735973100269
4191,5919-TMRGD,Yes,0.7355195191207038
2410,3452-ABWRL,No,0.2440336719193276
4629,6522-YRBXD,No,0.3786180226716435
1611,2346-LOCWC,No,0.00858145535720896
2268,3244-CQPHU,No,0.08565499524438547
4797,6741-EGCBI,No,0.31099162207277276
2543,3640-JQGJG,No,0.28166916460089925
3509,4973-RLZVI,No,0.09695349595156783
2631,3744-ZBHON,No,0.13231700494454787
3016,4316-XCSLJ,No,0.23896944742572085
1076,1568-BEKZM,No,0.04401752453500381
6494,9208-OLGAQ,Yes,0.5519381341880236
5420,7633-MVPUY,No,0.07529577602210033
4189,5917-RYRMG,No,0.017711824738744223
3083,4419-UJMUS,No,0.14457842588338185
1531,2239-CFOUJ,No,0.09487636039114306
1119,1635-HDGFT,No,0.024490495842633596
1028,1485-YDHMM,No,0.2254095546224358
5552,7817-BOQPW,Yes,0.7093685934089163
6209,8780-IHCRN,No,0.005250879020326684
6605,9389-ACWBI,Yes,0.5219202881460867
928,1346-UFHAX,No,0.392084432523635
831,1215-EXRMO,No,0.0168844628768943
3504,4959-JOSRX,No,0.4373603722883677
247,0376-OIWME,No,0.3707379986366463
2985,4277-UDIEF,No,0.18223401712513124
1829,2668-TZSPS,No,0.2490142851103356
2740,3898-BSJYF,No,0.12983712801288205
6187,8752-GHJFU,No,0.15716318165527068
2380,3407-QGWLG,No,0.18133193055261032
1102,1602-IJQQE,Yes,0.6670407680919824
6077,8614-VGMMV,Yes,0.5123108888587358
31,0048-PIHNL,No,0.02118311517104093
1261,1866-NXPSP,No,0.08206636770919883
6127,8677-HDZEE,No,0.26403834951592325
3584,5076-YVXCM,No,0.24881218726483653
5856,8229-TNIQA,No,0.438023949819931
1777,2599-CIPQE,No,0.05281353891262671
3499,4957-SREEC,No,0.007917005764821043
4637,6543-JXSOO,No,0.08310702070322967
2951,4208-UFFGW,No,0.46460710023301366
3265,4667-QONEA,No,0.06592573153552844
2667,3791-LGQCY,No,0.28100170281590026
78,0128-MKWSG,No,0.21946949828242185
5035,7078-NVFAM,No,0.3227596511480828
1635,2378-VTKDH,No,0.3714088552323585
5257,7407-SUJIZ,No,0.10469671275808738
2189,3137-LUPIX,No,0.3917334683178432
5950,8388-FYNPZ,No,0.4506028545045393
4811,6769-DYBQN,No,0.35655709556164
6904,9800-OUIGR,No,0.00887118612261586
261,0388-EOPEX,Yes,0.6228739706309376
4647,6557-BZXLQ,Yes,0.5438538496192711
4350,6133-OZILE,No,0.43409172215113384
6734,9565-AXSMR,No,0.0424967400741453
2172,3104-OWCGK,No,0.20317994587616128
6124,8672-OAUPW,No,0.08734722636048682
709,1045-LTCYT,No,0.17683540853565277
1277,1897-RCFUM,No,0.02001199056106509
6691,9505-SQFSW,No,0.4137944354904669
2381,3410-MHHUM,No,0.17975934348694408
4911,6910-HADCM,Yes,0.6733965224479975
432,0634-SZPQA,No,0.3493420285392819
72,0117-LFRMW,No,0.2394207654898402
2457,3520-FJGCV,No,0.03869941642826516
4787,6732-FZUGP,No,0.11824850376927838
5134,7228-PAQPD,No,0.12829850170119184
241,0369-ZGOVK,No,0.16877935294014607
4392,6195-MELTI,No,0.0780345478291986
5972,8414-MYSHR,Yes,0.6960625239733039
4248,5989-OMNJE,No,0.17040686148853804
4617,6508-NJYRO,No,0.045117873698253416
6466,9150-KPBJQ,No,0.04317201225626393
4569,6439-LAJXL,No,0.23037307329829598
1303,1934-SJVJK,No,0.2650788820259471
1300,1930-WNXSB,No,0.322979142332126
4481,6323-AYBRX,No,0.0922455837872369
5501,7746-AWNQW,No,0.19145098480978656
3611,5125-CNDSP,No,0.0874572077955976
5355,7563-BIUPC,Yes,0.6867877166881777
6093,8630-QSGXK,No,0.052792347826235216
6042,8563-IIOXK,No,0.40163780249583075
277,0409-WTMPL,No,0.12297054975846683
1250,1849-RJYIG,No,0.46457788948491535
1392,2057-ZBLPD,Yes,0.5280518040911478
1998,2884-GBPFB,No,0.4356594220438395
1663,2424-WVHPL,Yes,0.6318809302222543
3095,4439-JMPMT,Yes,0.6245945774499251
1972,2856-HYAPG,Yes,0.6426862647071064
2841,4054-CUMIA,No,0.13355916352326833
964,1397-XKKWR,No,0.15764861888357914
2760,3930-ZGWVE,No,0.2600114970701146
2279,3258-SANFR,No,0.3773674183047507
4078,5760-FXFVO,Yes,0.5934055938892991
6328,8963-JLGJT,No,0.3664052644001065
3930,5533-RJFTJ,No,0.2212176235963706
5409,7621-VPNET,No,0.24437497711142317
5902,8311-UEUAB,No,0.09924513043174409
4242,5982-PSMKW,No,0.07442534372638016
5621,7921-LMDFQ,No,0.13432285180427825
2169,3097-NQYSN,Yes,0.6894714533129124
2544,3640-PHQXK,No,0.496657040369327
4630,6527-PZFPV,No,0.022637675558953126
1291,1925-GMVBW,No,0.16958961935970887
734,1084-UQCHV,Yes,0.5697324787944504
5210,7328-OWMOM,No,0.0183795297048206
636,0930-EHUZA,No,0.08444028684045808
2452,3511-BFTJW,No,0.05020997403037732
3857,5424-RLQLC,No,0.23970633455839074
1475,2181-TIDSV,No,0.009699638516997604
6557,9314-IJWSQ,Yes,0.5415345482841869
2286,3262-EIDHV,No,0.04113474353248591
691,1023-BQXZE,No,0.048539176241317226
2333,3339-EAQNV,No,0.13548404370846048
103,0186-CAERR,No,0.12928862090335783
2266,3239-TPHPZ,No,0.0691812239443823
2307,3307-TLCUD,No,0.2264277509920606
555,0818-OCPZO,No,0.48340983693175765
6054,8580-AECUZ,Yes,0.7234703964991851
6168,8735-NBLWT,No,0.13863816157192968
3146,4514-GFCFI,Yes,0.5821266258906365
4815,6772-KSATR,Yes,0.6709127234207647
1697,2474-LCNUE,No,0.21414524595417855
5583,7860-KSUGX,No,0.045811619880507214
1887,2739-CACDQ,No,0.3561907102853637
6169,8735-SDUFN,No,0.007299302395065572
6128,8679-JOEVF,No,0.4407555439943925
1967,2845-KDHVX,No,0.03988887951367873
4626,6519-ZHPXP,No,0.05303163827393922
3084,4422-QVIJA,No,0.2035195828509042
4441,6259-WJQLC,No,0.3146559122308544
1165,1710-RCXUS,No,0.11784408418654765
3865,5442-BXVND,No,0.11175553025418779
6849,9732-EQMWY,No,0.3607181464147116
710,1047-NNCBF,No,0.3170729744256654
2384,3413-BMNZE,No,0.45947239469682183
6121,8670-ERCJH,No,0.056190797557547606
373,0556-FJEGU,No,0.0440803618567109
5486,7721-JXEAW,No,0.2525455580837079
1548,2259-OUUSZ,No,0.17550157023812862
783,1139-WUOAH,No,0.06914248687932464
5977,8429-XIBUM,No,0.3915252584336939
5090,7153-CHRBV,No,0.06264858539473027
5318,7511-YMXVQ,Yes,0.5367494166268483
2798,3981-QSVQI,No,0.19277401557482168
3425,4853-RULSV,No,0.14155597104098788
3487,4939-KYYPY,No,0.2747346365478918
2085,2990-IAJSV,No,0.037798681560414764
2188,3134-DSHVC,No,0.07967666057941387
7032,9975-GPKZU,No,0.008324636295511851
6447,9128-CPXKI,No,0.15079091852090157
4134,5846-ABOBJ,No,0.008648820412878531
2009,2898-LSJGD,No,0.2880356983222137
3059,4377-VDHYI,No,0.21348004776266066
4319,6092-QZVPP,No,0.18471994194137628
1984,2868-MZAGQ,Yes,0.7069667222080841
6761,9600-UDOPK,No,0.32463579795281605
1738,2530-ENDWQ,No,0.16604748422770366
2065,2971-SGAFL,No,0.42549220544204025
3556,5039-LZRQT,No,0.033007961635458084
6371,9027-YFHQJ,No,0.16486095443018095
5028,7067-KSAZT,No,0.23542090645438485
3098,4443-EMBNA,No,0.00859157292646654
5224,7353-YOWFP,No,0.0739379697289869
2561,3662-FXJFO,No,0.019817087691531475
6403,9067-YGSCA,No,0.014500807571679562
6003,8468-FZTOE,No,0.06407275156090156
6284,8887-IPQNC,No,0.35027811411902876
6694,9507-HSMMZ,No,0.022925103012421778
6955,9866-QEVEE,No,0.3590459048968503
2413,3452-SRFEG,No,0.2389295541443544
4771,6715-OFDBP,Yes,0.5409929887308774
2350,3370-GQEAL,No,0.4301335615310333
181,0295-QVKPB,No,0.3375350307714141
5089,7148-XZPHA,No,0.2753181829746052
6475,9170-ARBTB,No,0.020716809253309463
4129,5840-NVDCG,No,0.08239307904944396
372,0550-DCXLH,No,0.23543986565125194
4034,5688-KZTSN,No,0.3540256312028145
119,0207-MDKNV,Yes,0.5250028779138416
4306,6072-NUQCB,No,0.025453887612987204
41,0068-FIGTF,No,0.11415555430456502
2076,2984-RGEYA,No,0.00892214329886552
544,0804-XBFBV,No,0.39815636254202036
6652,9465-RWMXL,No,0.47314854347074714
756,1099-BTKWT,No,0.15095674369193432
4004,5649-RXQTV,No,0.3767169097692694
4616,6507-ZJSUR,Yes,0.5006547516838505
2894,4123-DVHPH,Yes,0.5700167974065847
4760,6701-DHKWQ,No,0.04391454379183033
6227,8807-ARQET,No,0.34856888625495985
3079,4412-YLTKF,Yes,0.5051706992703562
3722,5233-GEEAX,Yes,0.5219115836576753
1152,1697-LYYYX,No,0.03496758841665478
786,1142-WACZW,No,0.3945115955844448
5845,8220-OCUFY,No,0.22123880364571707
5687,8015-IHCGW,No,0.06910757994662375
3353,4782-OSFXZ,No,0.035122925478879005
1204,1769-GRUIK,Yes,0.5180464722286555
6922,9822-WMWVG,No,0.3202483671864128
6351,8992-JQYUN,Yes,0.5816356235246702
5467,7693-QPEFS,No,0.24112349067107686
1569,2277-VWCNI,No,0.47090248831114656
3014,4312-KFRXN,No,0.011592152991264038
5412,7623-HKYRK,No,0.15612050138584277
676,0991-BRRFB,No,0.43129487942714934
2746,3908-BLSYF,Yes,0.6289772644143288
648,0947-IDHRQ,Yes,0.5957859930779041
4671,6586-PSJOX,No,0.11772090703540668
3435,4872-JCVCA,No,0.048760221077848824
131,0224-HJAPT,Yes,0.5652854187927332
2777,3951-NJCVI,No,0.41020738986531247
4641,6549-NNDYT,No,0.27804646117257403
3450,4891-NLUBA,No,0.034611158886496
615,0899-WZRSD,No,0.2503998282570062
4873,6865-JZNKO,No,0.20645193014433594
1328,1976-CFOCS,Yes,0.5935978190878467
4155,5876-HZVZM,No,0.35462486590414144
2422,3466-WAESX,No,0.3558258710329425
685,1015-JPFYW,No,0.08799835641462994
6100,8639-NHQEI,No,0.0946817839533255
2031,2927-QRRQV,No,0.1905312838079287
1807,2637-FKFSY,No,0.4442019085278897
7005,9938-ZREHM,No,0.08727083169241057
1983,2868-LLSKM,No,0.12739434222491394
545,0804-YGEQV,No,0.016958189886321324
1079,1571-SAVHK,No,0.4990054707315684
22,0027-KWYKW,No,0.4632136693335733
3634,5146-CBVOE,No,0.34248614431010815
4723,6651-RLGGM,No,0.00741671533303617
3114,4465-VDKIQ,No,0.49076843201941395
4493,6339-YPSAH,Yes,0.5779436399942678
589,0867-MKZVY,No,0.4835958583417335
6918,9821-BESNZ,No,0.20034163001781963
4560,6427-FEFIG,No,0.07219697180210295
3121,4476-OSWTN,No,0.14424792066129194
3613,5127-BZENZ,No,0.06678035425259661
7029,9972-NKTFD,No,0.19775599780570285
6260,8859-DZTGQ,No,0.02216755694471627
2888,4115-UMJFQ,No,0.0907626280737432
4329,6108-OQZDQ,Yes,0.6837365961867513
2217,3173-WSSUE,No,0.009277852261720428
7036,9985-MWVIX,Yes,0.6032016014325191
4639,6546-OPBBH,No,0.019892654616948165
1067,1555-HAPSU,No,0.005010709369064819
1724,2514-GINMM,Yes,0.7274926714560784
3101,4446-BZKHU,No,0.35700432856222586
3852,5419-CONWX,Yes,0.6743915562318376
6769,9611-CTWIH,Yes,0.7137875397751793
1493,2202-CUYXZ,Yes,0.7097218193918298
3698,5204-QZXPU,No,0.4889903794036086
2607,3717-OFRTN,No,0.24702670851711417
5629,7929-SKFGK,No,0.053887733673164274
3343,4763-PGDPO,Yes,0.6191116763501683
4365,6158-HDPXZ,No,0.4079890996549222
5931,8356-WUAOJ,Yes,0.5728841329460929
4162,5884-GCYMI,Yes,0.579384634207945
6461,9142-KZXOP,No,0.2525127945841362
687,1016-DJTSV,Yes,0.5968737572099053
6914,9817-APLHW,No,0.13068804708452175
6485,9185-TQCVP,Yes,0.5816233789717525
2633,3745-HRPHI,No,0.040204571264578846
2697,3836-FZSDJ,No,0.008885961646183445
2539,3638-DIMPH,No,0.3147044018211619
5593,7876-AEHIG,No,0.07195797879991912
635,0929-PECLO,No,0.25667960159949293
7011,9945-PSVIP,No,0.03805327144072091
5399,7609-NRNCA,No,0.0385084923152852
4409,6215-NQCPY,Yes,0.5821585039070512
1200,1767-CJKBA,No,0.015484671460015803
1781,2604-XVDAM,No,0.28055482011169786
3792,5334-AFQJB,No,0.006922159151430035
6013,8495-PRWFH,No,0.3048465589768614
192,0308-GIQJT,No,0.15359197838644353
3802,5348-CAGXB,Yes,0.6249770989908137
3664,5174-ITUMV,No,0.21599159517017047
961,1395-OFUWC,No,0.23036038345832768
3097,4441-NIHPT,Yes,0.5755299448463508
4996,7021-XSNYE,No,0.10619991472201544
2292,3276-HDUEG,Yes,0.6520903392849742
4823,6784-XYJAE,No,0.13226458270733013
770,1121-QSIVB,No,0.09061661409028524
644,0943-ZQPXH,No,0.24563160047358665
5799,8165-ZJRNM,No,0.005894759442354491
3061,4378-MYPGO,No,0.09280603883337601
601,0880-FVFWF,No,0.31069655449276595
836,1217-VASWC,No,0.13058104931223716
4083,5766-XQXMQ,No,0.19877268451040905
528,0774-RMNUW,No,0.03749511091728833
3920,5519-NPHVG,Yes,0.6529128485375201
2257,3224-DFQNQ,No,0.15666165593089454
1189,1752-OZXFY,No,0.07281165934967113
2569,3672-YITQD,No,0.46237299479401256
5564,7839-NUIAA,No,0.19666757551084524
5619,7919-ZODZZ,No,0.13945686761795595
3409,4830-FAXFM,No,0.10274262478042762
1507,2211-RMNHO,No,0.03847504826245184
2346,3359-DSRKA,No,0.013408080297266665
3237,4634-JLRJT,No,0.24709769712085972
4983,7009-PCARS,No,0.029882111580391515
3445,4883-QICIH,No,0.28644141272816315
6818,9681-OXGVC,Yes,0.7315574261507436
620,0909-SDHNU,No,0.33720718488155343
1933,2809-ILCYT,No,0.026436568939881756
4985,7010-ZMVBF,No,0.11994672463121142
6653,9467-ROOLM,No,0.13054474610113145
6899,9796-MVYXX,No,0.11199352419786975
40,0067-DKWBL,Yes,0.5438660832587098
6427,9101-NTIXF,No,0.20269184545575697
3044,4360-PNRQB,No,0.3418086337352995
4623,6518-LGAOV,No,0.3933809033814888
4332,6114-TCFID,No,0.12086323902867609
6604,9388-ZEYVT,No,0.16036013070774632
2820,4011-ARPHK,No,0.2152727769762226
3629,5141-ZUVBH,No,0.3931576589176718
2585,3696-DFHHB,No,0.010277490502570905
6964,9881-VCZEP,No,0.29866113414618783
2567,3669-WHAFY,No,0.05083247654522873
2808,3996-ZNWYK,No,0.008048611396426675
3313,4718-DHSMV,No,0.2880041466932596
973,1406-PUQVY,Yes,0.5388862583166933
4110,5813-UECBU,No,0.337891027279728
5312,7503-ZGUZJ,Yes,0.6763472007843336
6364,9018-PCIOK,No,0.05906029335248343
3372,4806-DXQCE,No,0.08207596880929931
1528,2235-ZGKPT,No,0.44099965729579355
1223,1813-JLKWR,No,0.02260829113621527
626,0921-OHLVP,Yes,0.5089328827717957
6238,8819-WFGGJ,No,0.053814959517518676
1675,2446-BEGGB,Yes,0.6941045002337851
2671,3795-GWTRD,No,0.03410106871890548
4420,6231-WFGFH,No,0.20534677987637306
5379,7594-RQHXR,Yes,0.7065692771171183
5638,7950-XWOVN,No,0.24745330697355314
5297,7480-SPLEF,No,0.00436806162512539
4904,6905-NIQIN,No,0.4370477297024461
2129,3058-WQDRE,No,0.26399777354456266
3773,5311-IHLEI,No,0.25636459133957196
4776,6723-WSNTY,No,0.13736742418559778
5158,7251-XFOIL,No,0.2576998518271462
2295,3280-MRDOF,No,0.0719383070784216
5152,7246-ZGQDF,No,0.4871622690464901
4664,6582-PLFUU,No,0.007112515083390638
126,0219-YTZUE,Yes,0.6293685251091143
1948,2826-DXLQO,No,0.3570402639037011
610,0895-LNKRC,No,0.07901108994796986
262,0390-DCFDQ,Yes,0.6118907675796135
939,1357-MVDOZ,No,0.24221574649929778
6390,9054-FOWNV,No,0.47438952158302755
547,0810-BDHAW,No,0.1691048398260094
2288,3269-ATYWD,No,0.31290024703284325
4733,6664-FPDAC,No,0.21980106622680307
1340,1996-DBMUS,No,0.26126963285423066
5835,8207-VVMYB,No,0.0088548739185601
5898,8295-KMENE,No,0.03666204737405173
1009,1455-UGQVH,Yes,0.6450498881877926
5495,7734-DBOAI,Yes,0.5494327514121347
5491,7729-XBTWX,No,0.01136882088519286
5481,7716-YTYHG,No,0.1666988360266574
163,0265-EDXBD,No,0.4830773665830517
3515,4983-CLMLV,No,0.2631198128882429
823,1205-WNWPJ,No,0.31924733094314905
4265,6005-OBZPH,Yes,0.5033294455624651
5580,7855-DIWPO,Yes,0.5002784785799349
1474,2180-DXNEG,Yes,0.6361110412560641
5627,7928-VJYAB,Yes,0.5536964272849553
1114,1626-ERCMM,Yes,0.571601976048691
1852,2688-BHGOG,Yes,0.6034749110005907
755,1098-TDVUQ,No,0.2760880149544638
5,0013-MHZWF,No,0.2524381143426041
5689,8016-ZMGMO,No,0.07229389713001218
5767,8109-YUOHE,No,0.110148531174111
2371,3398-FSHON,Yes,0.6241788133183309
1086,1580-BMCMR,Yes,0.5051981022589382
4130,5842-POCOP,Yes,0.6268432163617351
2246,3209-ZPKFI,No,0.2274493360125457
5021,7055-JCGNI,No,0.06234739007793478
2929,4183-WCSEP,No,0.43703657389220674
5679,8003-EWNDZ,No,0.13635167802412929
6830,9701-CDXHR,No,0.2574971012367101
1664,2428-HYUNX,No,0.015291522671496001
2241,3199-XGZCY,Yes,0.6450843626102502
4005,5649-TJHOV,No,0.29447442853932243
5712,8046-DNVTL,No,0.06731967176991399
4757,6695-FRVEC,No,0.033334249337796815
2782,3957-LXOLK,No,0.4709252110972062
3322,4730-AWNAU,No,0.0913536369475416
4972,6994-FGRHH,No,0.19077751375311552
4507,6352-TWCAU,No,0.4550142407527148
6113,8654-DHAOW,No,0.43015794968586585
3835,5386-THSLQ,No,0.0861234953130481
5623,7924-GJZFI,No,0.45826109683987715
1011,1459-QNFQT,No,0.03768145667316153
43,0074-HDKDG,No,0.08303988946290079
3361,4795-UXVCJ,No,0.014474995391620758
5603,7890-VYYWG,No,0.4578577895194184
3744,5275-PMFUT,No,0.04146295641579659
2203,3158-MOERK,Yes,0.7598093185184931
178,0289-IVARM,No,0.25818416618373796
3707,5215-LNLDJ,No,0.445759767428924
6585,9361-YNQWJ,No,0.018283186662517773
5858,8232-CTLKO,No,0.10161233331849365
6862,9747-DDZOS,Yes,0.5914270471986355
1042,1513-XNPPH,Yes,0.5630080415226457
1558,2272-JKMSI,No,0.18918973653420437
4252,5995-LFTLE,No,0.009304077129581277
5895,8292-TYSPY,No,0.23323995125858443
457,0670-KDOMA,No,0.2522247479411878
4737,6674-KVJHG,No,0.03428219051603552
1895,2753-JMMCV,No,0.04025654796853831
1969,2851-MMUTZ,No,0.18191051982003725
3289,4697-LUPSU,No,0.06634505383434168
5443,7663-RGWBC,No,0.44163251085619315
4765,6705-LXORM,Yes,0.613731690583783
6864,9752-ZNQUT,Yes,0.5482441563448619
600,0877-SDMBN,No,0.15766956644755536
3946,5555-RNPGT,No,0.10484168305310373
3230,4628-CTTLA,No,0.3636059730028833
349,0516-QREYC,No,0.10410023969918177
3690,5198-HQAEN,No,0.20009001474494018
